{
    "table_entries": [
        {
            "table_name": "MyIngress.ipv4_lpm",
            "action_name": "MyIngress.ipv4_forward",
            "match": [
                "192.168.1.1",
                32
            ],
            "action_params": {
                "dstAddr": "00:01:02:03:04:05",
                "port": 0
            }
        },
        {
            "table_name": "MyIngress.ipv4_lpm",
            "action_name": "MyIngress.ipv4_forward",
            "match": [
                "192.168.1.2",
                32
            ],
            "action_params": {
                "dstAddr": "00:01:02:03:04:05",
                "port": 1
            }
        },
        {
            "table_name": "MyIngress.ipv4_lpm",
            "action_name": "MyIngress.ipv4_forward",
            "match": [
                "192.168.1.3",
                32
            ],
            "action_params": {
                "dstAddr": "00:01:02:03:04:05",
                "port": 100
            }
        },
        {
            "table_name": "MyIngress.ipv4_lpm",
            "action_name": "MyIngress.ipv4_forward",
            "match": [
                "192.168.1.4",
                32
            ],
            "action_params": {
                "dstAddr": "00:01:02:03:04:05",
                "port": 100
            }
        },
        {
            "table_name": "MyIngress.ipv4_lpm",
            "action_name": "MyIngress.ipv4_forward",
            "match": [
                "192.168.1.16",
                32
            ],
            "action_params": {
                "dstAddr": "00:01:02:03:04:05",
                "port": 100
            }
        }
    ]
}