{
    "access_right": "open",
    "license": "Apache-2.0",
    "creators": [
        {
            "name": "Philipp Wendler",
            "affiliation": "@sosy-lab, LMU Munich",
            "orcid": "0000-0002-5139-341X"
        },
        {
            "name": "Dirk Beyer",
            "affiliation": "@sosy-lab, LMU Munich",
            "orcid": "0000-0003-4832-7662"
        }
    ],
    "related_identifiers": [
      {
        "identifier": "10.1007/s10009-017-0469-y",
        "relation": "isDocumentedBy"
      },
      {
        "identifier": "https://www.sosy-lab.org/research/prs/Current_ReliableBenchmarking.pdf",
        "relation": "isDocumentedBy"
      }
    ]
}
