{
    "links": [
        {
            "device1": "Node1",
            "device1_port": 0,
            "device2": "Switch1",
            "device2_port": 0,
            "type": "Node_to_Switch"
        },
        {
            "device1": "Node2",
            "device1_port": 0,
            "device2": "Switch1",
            "device2_port": 1,
            "type": "Node_to_Switch"
        },
        {
            "device1": "Node3",
            "device1_port": 0,
            "device2": "Switch2",
            "device2_port": 0,
            "type": "Node_to_Switch"
        },
        {
            "device1": "Node4",
            "device1_port": 0,
            "device2": "Switch2",
            "device2_port": 1,
            "type": "Node_to_Switch"
        },
        {
            "device1": "Switch2",
            "device1_port": 51,
            "device2": "Switch3",
            "device2_port": 50,
            "type": "Switch_to_Switch"
        },
        {
            "device1": "Switch3",
            "device1_port": 51,
            "device2": "Switch4",
            "device2_port": 50,
            "type": "Switch_to_Switch"
        },
        {
            "device1": "Switch4",
            "device1_port": 51,
            "device2": "Switch5",
            "device2_port": 50,
            "type": "Switch_to_Switch"
        },
        {
            "device1": "Switch5",
            "device1_port": 51,
            "device2": "Switch6",
            "device2_port": 50,
            "type": "Switch_to_Switch"
        },
        {
            "device1": "Node16",
            "device1_port": 0,
            "device2": "Switch6",
            "device2_port": 0,
            "type": "Node_to_Switch"
        },
        {
            "device1": "Node1",
            "device1_port": 1,
            "device2": "Switch2",
            "device2_port": 2,
            "type": "Node_to_Switch"
        },
        {
            "device1": "Node2",
            "device1_port": 1,
            "device2": "Switch2",
            "device2_port": 3,
            "type": "Node_to_Switch"
        },
        {
            "device1": "Switch1",
            "device1_port": 100,
            "device2": "Switch2",
            "device2_port": 100,
            "type": "Switch_to_Switch"
        }
    ],
    "nodes": {
        "Node1": {
            "id": 0,
            "ipv4_addr": "192.168.1.1",
            "used_ports": [
                0,
                1
            ]
        },
        "Node10": {
            "id": 9,
            "ipv4_addr": "192.168.1.10",
            "used_ports": []
        },
        "Node11": {
            "id": 10,
            "ipv4_addr": "192.168.1.11",
            "used_ports": []
        },
        "Node12": {
            "id": 11,
            "ipv4_addr": "192.168.1.12",
            "used_ports": []
        },
        "Node13": {
            "id": 12,
            "ipv4_addr": "192.168.1.13",
            "used_ports": []
        },
        "Node14": {
            "id": 13,
            "ipv4_addr": "192.168.1.14",
            "used_ports": []
        },
        "Node15": {
            "id": 14,
            "ipv4_addr": "192.168.1.15",
            "used_ports": []
        },
        "Node16": {
            "id": 15,
            "ipv4_addr": "192.168.1.16",
            "used_ports": [
                0
            ]
        },
        "Node17": {
            "id": 20,
            "ipv4_addr": "",
            "used_ports": []
        },
        "Node2": {
            "id": 1,
            "ipv4_addr": "192.168.1.2",
            "used_ports": [
                0,
                1
            ]
        },
        "Node3": {
            "id": 2,
            "ipv4_addr": "192.168.1.3",
            "used_ports": [
                0
            ]
        },
        "Node4": {
            "id": 3,
            "ipv4_addr": "192.168.1.4",
            "used_ports": [
                0
            ]
        },
        "Node5": {
            "id": 4,
            "ipv4_addr": "192.168.1.5",
            "used_ports": []
        },
        "Node6": {
            "id": 5,
            "ipv4_addr": "192.168.1.6",
            "used_ports": []
        },
        "Node7": {
            "id": 6,
            "ipv4_addr": "192.168.1.7",
            "used_ports": []
        },
        "Node8": {
            "id": 7,
            "ipv4_addr": "192.168.1.8",
            "used_ports": []
        },
        "Node9": {
            "id": 8,
            "ipv4_addr": "192.168.1.9",
            "used_ports": []
        }
    },
    "switches": {
        "Switch1": {
            "p4_file_name": "simple_switch.json",
            "table_entries": [
                "ip_table1.json"
            ],
            "used_ports": [
                0,
                1,
                100
            ]
        },
        "Switch2": {
            "p4_file_name": "simple_switch.json",
            "table_entries": [
                "ip_table2.json"
            ],
            "used_ports": [
                0,
                1,
                51,
                2,
                3,
                100
            ]
        },
        "Switch3": {
            "p4_file_name": "simple_switch.json",
            "table_entries": [
                "ip_table3.json"
            ],
            "used_ports": [
                50,
                51
            ]
        },
        "Switch4": {
            "p4_file_name": "simple_switch.json",
            "table_entries": [
                "ip_table4.json"
            ],
            "used_ports": [
                50,
                51
            ]
        },
        "Switch5": {
            "p4_file_name": "simple_switch.json",
            "table_entries": [
                "ip_table5.json"
            ],
            "used_ports": [
                50,
                51
            ]
        },
        "Switch6": {
            "p4_file_name": "simple_switch.json",
            "table_entries": [
                "ip_table6.json"
            ],
            "used_ports": [
                50,
                0
            ]
        }
    }
}