{
  "head": {
    "branch": null,
    "date": {
      "content": [["2015-03-03 16:13:02 CET", 6]],
      "id": "date",
      "name": "Date of execution"
    },
    "displayName": {
      "content": [["SimpleTest", 6]],
      "id": "benchmark",
      "name": "Benchmark"
    },
    "host": {
      "content": [["tortuga", 6]],
      "id": "host",
      "name": "Host"
    },
    "limit": {
      "content": [["timelimit: 10 s, memlimit: 3000 MB, CPU core limit: 1", 6]],
      "id": "limits",
      "name": "Limits"
    },
    "options": {
      "content": [
        ["-noout -setprop log.consoleLevel=WARNING -predicateAnalysis", 6]
      ],
      "id": "options",
      "name": "Options"
    },
    "os": {
      "content": [["Linux 3.13.0-45-generic x86_64", 6]],
      "id": "os",
      "name": "OS"
    },
    "property": null,
    "runset": {
      "content": [["predicateAnalysis", 6]],
      "id": "run",
      "name": "Run set"
    },
    "system": {
      "content": [
        [
          "CPU: Intel Core i7-2600 CPU @ 3.40GHz, cores: 8, frequency: 3401 MHz; RAM: 16389384 kB",
          6
        ]
      ],
      "id": "system",
      "name": "System"
    },
    "task_id_names": [
     "Task Name",
     "Property"
    ],
    "title": {
      "content": [
        ["status", 1],
        ["cputime (ms)", 1],
        ["cputime-h (h)", 1],
        ["walltime (ns)", 1],
        ["memUsage (MB)", 1],
        ["memUsage-GB (GB)", 1]
      ],
      "id": "columnTitles",
      "name": "benchexec/tablegenerator/test_integration/results/"
    },
    "tool": {
      "content": [["CPAchecker 1.4-svn 15944M", 6]],
      "id": "tool",
      "name": "Tool"
    }
  },
  "tools": [
    {
      "benchmarkname": "test",
      "columns": [
        {
          "display_title": "status",
          "max_width": 12,
          "relevant_for_diff": false,
          "title": "status",
          "type": "status"
        },
        {
          "display_title": "cputime",
          "max_width": 7,
          "number_of_significant_digits": 3,
          "relevant_for_diff": false,
          "title": "cputime",
          "type": "measure",
          "unit": "ms"
        },
        {
          "display_title": "cputime-h",
          "max_width": 9,
          "number_of_significant_digits": 4,
          "relevant_for_diff": false,
          "title": "cputime",
          "type": "measure",
          "unit": "h"
        },
        {
          "display_title": "walltime",
          "max_width": 8,
          "number_of_significant_digits": 2,
          "relevant_for_diff": false,
          "title": "walltime",
          "type": "measure",
          "unit": "ns"
        },
        {
          "display_title": "memUsage",
          "max_width": 8,
          "number_of_significant_digits": 5,
          "relevant_for_diff": false,
          "title": "memUsage",
          "type": "measure",
          "unit": "MB"
        },
        {
          "display_title": "memUsage-GB",
          "max_width": 11,
          "number_of_significant_digits": 5,
          "relevant_for_diff": false,
          "title": "memUsage",
          "type": "measure",
          "unit": "GB"
        }
      ],
      "cores": "8",
      "cpu": "Intel Core i7-2600 CPU @ 3.40GHz",
      "cpuCores": "1",
      "date": "2015-03-03 16:13:02 CET",
      "freq": "3401 MHz",
      "host": "tortuga",
      "memlimit": "3000 MB",
      "name": "predicateAnalysis",
      "niceName": "predicateAnalysis",
      "options": "-noout -setprop log.consoleLevel=WARNING -predicateAnalysis",
      "os": "Linux 3.13.0-45-generic x86_64",
      "ram": "16389384 kB",
      "timelimit": "10 s",
      "tool": "CPAchecker",
      "toolmodule": "benchexec.tools.cpachecker",
      "version": "1.4-svn 15944M"
    }
  ],
  "rows": [
    {
      "href": "task_definition.yml",
      "id": [
        "task_definition.yml",
        "unreach-label"
      ],
      "results": [
        {
          "category": "wrong",
          "href": "results/test.2015-03-03_1613.logfiles/predicateAnalysis.implicitunsignedconversion_false-unreach-label.i.log",
          "values": [
            {
              "raw": "true"
            },
            {
              "raw": "2170"
            },
            {
              "html": ".0006026",
              "raw": "0.0006026"
            },
            {
              "html": ".00000022",
              "raw": "0.00000022"
            },
            {
              "raw": "128.03"
            },
            {
              "html": ".12803",
              "raw": "0.12803"
            }
          ]
        }
      ]
    },
    {
      "href": "results/test/programs/simple/switch_test_default_fallthrough_false-unreach-label.c",
      "id": [
        "test/programs/simple/switch_test_default_fallthrough_false-unreach-label.c",
        "unreach-label"
      ],
      "results": [
        {
          "category": "correct",
          "href": "https://sosy-lab.github.io/benchexec/example-table/cbmc.2015-12-11_1211.logfiles/diskperf_false-unreach-call.i.cil.c.log",
          "values": [
            {
              "raw": "false(reach)"
            },
            {
              "raw": "2190"
            },
            {
              "html": ".0006083",
              "raw": "0.0006083"
            },
            {
              "html": ".00000022",
              "raw": "0.00000022"
            },
            {
              "raw": "129.12"
            },
            {
              "html": ".12912",
              "raw": "0.12912"
            }
          ]
        }
      ]
    },
    {
      "href": "results/test/programs/simple/compoundLiteral_true-unreach-label.c",
      "id": [
        "test/programs/simple/compoundLiteral_true-unreach-label.c",
        "unreach-label"
      ],
      "results": [
        {
          "category": "correct",
          "href": "https://sosy-lab.github.io/benchexec/example-table/predicateAnalysis.2015-12-11_1059.logfiles/ABEl.diskperf_false-unreach-call.i.cil.c.log",
          "values": [
            {
              "raw": "true"
            },
            {
              "raw": "2230"
            },
            {
              "html": ".0006193",
              "raw": "0.0006193"
            },
            {
              "html": ".00000022",
              "raw": "0.00000022"
            },
            {
              "raw": "132.34"
            },
            {
              "html": ".13234",
              "raw": "0.13234"
            }
          ]
        }
      ]
    },
    {
      "href": "results/doc/examples/example.c",
      "id": ["doc/examples/example.c"],
      "results": [
        {
          "category": "missing",
          "href": "results/test.2015-03-03_1613.logfiles/predicateAnalysis.example.c.log",
          "values": [
            {
              "raw": "UNKNOWN: test"
            },
            {
              "raw": "2270"
            },
            {
              "html": ".0006312",
              "raw": "0.0006312"
            },
            {
              "html": ".00000023",
              "raw": "0.00000023"
            },
            {
              "raw": "129.47"
            },
            {
              "html": ".12947",
              "raw": "0.12947"
            }
          ]
        }
      ]
    },
    {
      "href": "results/test/programs/simple/builtin_expect_true-unreach-label.c",
      "id": [
        "test/programs/simple/builtin_expect_true-unreach-label.c",
        "unreach-label"
      ],
      "results": [
        {
          "category": "correct",
          "href": "results/test.2015-03-03_1613.logfiles/predicateAnalysis.builtin_expect_true-unreach-label.c.log",
          "values": [
            {
              "raw": "true"
            },
            {
              "raw": "2060"
            },
            {
              "html": ".0005718",
              "raw": "0.0005718"
            },
            {
              "html": ".00000021",
              "raw": "0.00000021"
            },
            {
              "raw": "126.31"
            },
            {
              "html": ".12631",
              "raw": "0.12631"
            }
          ]
        }
      ]
    }
  ],
  "stats": [
    {
      "content": [
        [
          {
            "sum": 5
          },
          {
            "avg": "2180",
            "max": "2270",
            "median": "2190",
            "min": "2060",
            "stdev": "71.9",
            "sum": "10900"
          },
          {
            "avg": "0.0006066",
            "max": "0.0006312",
            "median": "0.0006083",
            "min": "0.0005718",
            "stdev": "0.00001996",
            "sum": ".003033&#x2007;"
          },
          {
            "avg": "0.00000020",
            "max": "0.00000020",
            "median": "0.00000020",
            "min": "0.00000020",
            "stdev": "0.00",
            "sum": ".0000011&#x2007;"
          },
          {
            "avg": "129.05",
            "max": "132.34",
            "median": "129.12",
            "min": "126.31",
            "stdev": "1.9758",
            "sum": "645.27"
          },
          {
            "avg": "0.12905",
            "max": "0.13234",
            "median": "0.12912",
            "min": "0.12631",
            "stdev": "0.0019758",
            "sum": ".64527"
          }
        ]
      ],
      "description": "in total 2 true tasks, 2 false tasks",
      "id": "total"
    },
    {
      "content": [
        [
          null,
          {
            "sum": "10900"
          },
          {
            "sum": ".003037&#x2007;"
          },
          {
            "sum": ".0000012&#x2007;"
          },
          null,
          null
        ]
      ],
      "description": "(This line contains some statistics from local execution. Only trust those values, if you use your own computer.)",
      "id": "local",
      "title": "local summary"
    },
    {
      "content": [
        [
          {
            "sum": 3
          },
          {
            "avg": "2160",
            "max": "2230",
            "median": "2190",
            "min": "2060",
            "stdev": "73.0",
            "sum": "6480"
          },
          {
            "avg": "0.0005998",
            "max": "0.0006193",
            "median": "0.0006083",
            "min": "0.0005718",
            "stdev": "0.00002029",
            "sum": ".001799&#x2007;"
          },
          {
            "avg": "0.00000020",
            "max": "0.00000020",
            "median": "0.00000020",
            "min": "0.00000020",
            "stdev": "0.00",
            "sum": ".00000065"
          },
          {
            "avg": "129.26",
            "max": "132.34",
            "median": "129.12",
            "min": "126.31",
            "stdev": "2.4617",
            "sum": "387.77"
          },
          {
            "avg": "0.12926",
            "max": "0.13234",
            "median": "0.12912",
            "min": "0.12631",
            "stdev": "0.0024617",
            "sum": ".38777"
          }
        ]
      ],
      "id": "correct"
    },
    {
      "content": [
        [
          {
            "sum": 2
          },
          {
            "avg": "2140",
            "max": "2230",
            "median": "2140",
            "min": "2060",
            "stdev": "85.4",
            "sum": "4290"
          },
          {
            "avg": "0.0005956",
            "max": "0.0006193",
            "median": "0.0005956",
            "min": "0.0005718",
            "stdev": "0.00002374",
            "sum": ".001191&#x2007;"
          },
          {
            "avg": "0.00000020",
            "max": "0.00000020",
            "median": "0.00000020",
            "min": "0.00000020",
            "stdev": "0.00",
            "sum": ".00000043"
          },
          {
            "avg": "129.33",
            "max": "132.34",
            "median": "129.33",
            "min": "126.31",
            "stdev": "3.0126",
            "sum": "258.65"
          },
          {
            "avg": "0.12933",
            "max": "0.13234",
            "median": "0.12933",
            "min": "0.12631",
            "stdev": "0.0030126",
            "sum": ".25865"
          }
        ]
      ],
      "id": "correct_true"
    },
    {
      "content": [
        [
          {
            "sum": 1
          },
          {
            "avg": "2190",
            "max": "2190",
            "median": "2190",
            "min": "2190",
            "stdev": "0",
            "sum": "2190"
          },
          {
            "avg": "0.0006083",
            "max": "0.0006083",
            "median": "0.0006083",
            "min": "0.0006083",
            "stdev": "0",
            "sum": ".0006083"
          },
          {
            "avg": "0.00000020",
            "max": "0.00000020",
            "median": "0.00000020",
            "min": "0.00000020",
            "stdev": "0",
            "sum": ".00000022"
          },
          {
            "avg": "129.12",
            "max": "129.12",
            "median": "129.12",
            "min": "129.12",
            "stdev": "0",
            "sum": "129.12"
          },
          {
            "avg": "0.12912",
            "max": "0.12912",
            "median": "0.12912",
            "min": "0.12912",
            "stdev": "0",
            "sum": ".12912"
          }
        ]
      ],
      "id": "correct_false"
    },
    {
      "content": [
        [
          {
            "sum": 1
          },
          {
            "avg": "2170",
            "max": "2170",
            "median": "2170",
            "min": "2170",
            "stdev": "0",
            "sum": "2170"
          },
          {
            "avg": "0.0006026",
            "max": "0.0006026",
            "median": "0.0006026",
            "min": "0.0006026",
            "stdev": "0",
            "sum": ".0006026"
          },
          {
            "avg": "0.00000020",
            "max": "0.00000020",
            "median": "0.00000020",
            "min": "0.00000020",
            "stdev": "0",
            "sum": ".00000022"
          },
          {
            "avg": "128.03",
            "max": "128.03",
            "median": "128.03",
            "min": "128.03",
            "stdev": "0",
            "sum": "128.03"
          },
          {
            "avg": "0.12803",
            "max": "0.12803",
            "median": "0.12803",
            "min": "0.12803",
            "stdev": "0",
            "sum": ".12803"
          }
        ]
      ],
      "id": "wrong"
    },
    {
      "content": [
        [
          {
            "sum": 1
          },
          {
            "avg": "2170",
            "max": "2170",
            "median": "2170",
            "min": "2170",
            "stdev": "0",
            "sum": "2170"
          },
          {
            "avg": "0.0006026",
            "max": "0.0006026",
            "median": "0.0006026",
            "min": "0.0006026",
            "stdev": "0",
            "sum": ".0006026"
          },
          {
            "avg": "0.00000020",
            "max": "0.00000020",
            "median": "0.00000020",
            "min": "0.00000020",
            "stdev": "0",
            "sum": ".00000022"
          },
          {
            "avg": "128.03",
            "max": "128.03",
            "median": "128.03",
            "min": "128.03",
            "stdev": "0",
            "sum": "128.03"
          },
          {
            "avg": "0.12803",
            "max": "0.12803",
            "median": "0.12803",
            "min": "0.12803",
            "stdev": "0",
            "sum": ".12803"
          }
        ]
      ],
      "id": "wrong_true"
    },
    {
      "content": [
        [
          {
            "sum": 0
          },
          null,
          null,
          null,
          null,
          null
        ]
      ],
      "id": "wrong_false"
    },
    {
      "content": [
        [
          {
            "sum": -27
          },
          null,
          null,
          null,
          null,
          null
        ]
      ],
      "description": "in total 2 true tasks, 2 false tasks",
      "id": "score",
      "title": "score (5 tasks, max score: 6)"
    }
  ]
}
